{"_wandb":{"runtime":4204},"loss":3.125,"lr":8e-11,"final_eval_loss":3.1045114398002625,"_runtime":4204.179333746,"final_eval_tokens":10099312,"_step":20001,"grad_norm_afterclip":0,"throughput_batches":20.978285497072807,"_timestamp":1.741021830491578e+09,"total_svd_count":0,"grad_norm":0.18748898804187775,"throughput_tokens":506206.0290443668,"tokens_seen":1999839620,"throughput_examples":2685.2205436253194}